State,First_vaccine_date,Full,Before,first_week,first_second_week,before_last_game,second_seven_week,second_second_week,After,RMSE
ABW,2021-04-05,-99.04528278294714,-87.55186946612277,-98.69385476757733,-99.42744498020548,-99.58728134647889,-99.80644544913108,-100.1900725564965,-100.10594749744337,71.98924403990125
AFG,2021-03-01,160.84450532668652,55.4506287185818,151.88034145699845,164.10567580287383,299.3530379927307,723.9385807031846,2398.4132069038105,2688.3625591755153,958.4976535168304
AGO,2021-03-08,-40.93845994735761,-33.468345133821764,-52.38494039519187,-36.77887360130771,-33.48238998040702,-42.91842998840536,-48.90877064227662,-45.20462536549108,63.481092125425654
AIA,2021-02-11,-92.45769426239536,1.5061119998007892,-104.32161588071394,-104.40994484951842,,,,,2.8360650555220834
ALB,2021-01-17,-101.93379934749717,-92.77217600469598,-129.06350272349584,-106.70958188468056,-103.04500928650387,-101.68336177705395,-100.83021895083553,-100.89719926403005,292.427408585864
AND,2021-02-01,-46.71688770410416,-48.93580472413046,-57.14445949671312,-50.164679979264704,-34.31131884467595,-37.635882802585535,-3.7185147710449304,1.292976077244215,11.591755048879525
ARE,2021-01-12,3.8434856066811984,-4.526906282988708,-7.782310135998998,-4.769471218311439,5.696502117433475,21.612742482563483,37.56708942818373,45.20951764232031,202.66820517754982
ARG,2021-01-05,-18.79526195025376,-2.5420486093494423,-20.08638473948291,-30.400769351741975,-34.847746854303836,-37.08939627684049,-59.18101313460612,-74.33316295877795,2554.9699543391994
ARM,2021-04-07,-4.5018962990729126,-6.883238974654635,3.468314412821553,9.035860447253171,4.487439888445681,-5.515387418911642,-12.911478030377324,-12.983228913255013,31.269739662037626
ATG,2021-02-23,-52.833474806447434,102.78668329613573,2.8376047413089323,-16.672666678766408,-43.03922459355702,-51.98884663973815,-74.83269025265888,-83.68924358590371,7.752449555714443
AUS,2021-02-28,-77.63816706039412,-54.0996819920011,-67.6279236440868,-72.16653713538005,-74.50285568148612,-80.1462907404171,-85.49088846602987,-87.82086961300692,402.78339908329053
AUT,2021-01-15,-9.91219687555123,9.268457285089053,10.158992073461887,15.810706303428084,1.324147535914166,-18.148552451154835,-29.92453479494317,-31.5346039649492,172.4264360293787
AZE,2021-01-24,-52.16131514412642,-31.690256700241605,3.3642817059330685,-11.858818610999093,-44.99890537144985,-61.90222629244374,-65.12701822907582,-64.70674067897643,1163.3805365162045
BEL,2021-01-04,8.36787783575977,24.17389018011496,39.73265767068563,22.293354946364435,2.41968496052814,-14.42501291831339,-23.233206792495377,-23.974377808528423,401.3909032774474
BEN,2021-05-19,-96.60183979548978,-41.939035825131974,-80.73724701064282,-90.1040997726375,-93.41303019624091,-99.00619064799267,-100.20421343468442,,155.27928229379705
BFA,2021-06-09,28.706601019756985,76.84897461669094,9.948783903202456,29.090430941252414,-9.733001726899431,31.20236356102441,10.843933069299966,54.402554921779696,2.0275775208234315
BGD,2021-02-02,-27.80533063664678,2.670384395765033,-33.74318700325665,-48.569768462529225,-57.62145916550615,-56.37875828549787,-64.17718322893316,-80.678700027063,3827.334959855876
BGR,2021-01-05,-39.4440264036689,122.19060214876805,54.862596662461236,-9.15197350830356,-34.35017018415951,-55.81122315759002,-68.2633930369454,-73.30923096692355,402.8600864781115
BHR,2020-12-30,3.1227378968768154,14.276457332346057,-3.1400666927227108,0.34960495103541955,-9.003026729002398,-6.893865309101908,0.3287687400527465,-3.138557997511505,11.44654539026241
BHS,2021-03-20,-33.64600103301852,-7.49846212181573,-41.035173040468855,-37.15725115240304,-46.51116217277875,-42.24908403770373,-44.67310671404418,-37.81696388015194,39.658711634855116
BIH,2021-02-18,-52.109425992679114,119.485920432187,71.3168541366701,-6.227123787787982,-43.002267568955766,-62.341121091179815,-80.03620948111589,-83.35293863196014,152.4444179288837
BLR,2021-01-04,-1.3342411243824686,2.6193018280617526,7.000547602600707,8.95829437525037,8.451004605403124,-8.098827415712382,-16.34420721968894,-20.032437991771285,110.81138623554969
BLZ,2021-03-07,0.5753421033142008,28.405924136698328,44.60476663346654,19.819673397443964,4.520502492806017,-22.851708210552385,-26.89335031036415,-25.74314085263384,13.791201691725082
BMU,2021-01-17,-88.91574224322845,-198.02143537056597,-69.33617895404701,-82.56199162897333,-85.01161244410254,-81.3522434845512,-81.57810324175237,-83.93053326216919,5.980881720713321
BOL,2021-02-09,73.0472534372527,30.745804292160955,107.67044843620452,103.21406305413419,102.64532437785702,116.54831183062531,151.05372726055833,221.92744049102936,672.5367762605721
BRA,2021-01-24,5.365734160983659,1.2620689578038096,-5.825790280348939,4.752829360170612,7.348287475214701,23.038900392811197,20.323580487130048,10.823100947881711,4033.2829785115837
BRB,2021-02-22,43.408079052021385,-24.53042109266117,103.82603611976818,105.00866949055015,168.2866194826749,99.10673975036013,71.7707142409051,-14.972467814466558,9.532162686334223
BRN,2021-04-09,-96.98015543528936,-67.28595363023817,-50.50641582304429,-85.5391057281903,-97.02209499839184,-98.41899057159819,-98.76696727013501,-98.04344326468535,67.4465842426849
BTN,2021-04-02,108.71331905080919,14.074097523057558,160.97075718914334,336.3492837500559,437.28857937171284,413.14162957343734,932.8514166507643,1411.7377508167076,10.178454687153089
BWA,2021-04-01,-24.895262347782253,-44.916922266836465,-41.81401456695962,-40.89193261521882,-27.593524302362066,-2.848597521498756,57.77561357689168,104.86091954216215,698.0892108396788
CAF,2021-05-19,-88.26546634065299,-82.67203579206911,-86.46130068358379,-94.87006969031435,-94.35784451307788,-87.46346902739835,-88.11503221121302,-88.17818837809263,4.4131500606442655
CAN,2020-12-21,-12.422846398369893,20.88025613595933,31.473892159222977,8.517113465725522,-13.909742772421998,-24.259565452390653,-31.20107316062002,-36.430544013824694,433.37613966858873
CHE,2020-12-28,-84.11574135106275,-47.717604213504536,-72.61169065482821,-85.15232621948047,-91.37510025790148,-93.60594555067628,-93.83975619372255,-93.49926409671863,1398.7358426605172
CHL,2020-12-31,23.374624355162883,3.9923560035249515,21.765388876541035,33.207105051422744,44.03400513956179,68.4280076113192,102.29232317536814,112.1034534432954,384.7580913999668
CHN,2020-12-22,6.4879319632112855,3.7995271279762024,5.76065685562392,-15.597829991517893,-22.819654819171966,18.261998063061,87.94059540084938,94.93646612477802,19.18501459826135
CIV,2021-03-08,-48.351415181219934,13.81318749707406,-34.115115882844606,-57.43413784862137,-60.59397747867803,-61.33947655605642,-70.74375906727215,-75.89567694500221,79.58031609202892
CMR,2021-04-18,-529.2694368270265,-1595.5024099844445,,64.93672305711407,36.47806168374436,194.00346436437593,300.4336082380863,,729.591200334267
COD,2021-04-25,-14.53843587743035,-10.191787826735242,-32.34619734391496,-33.64411836905463,-40.44165916799619,-19.92392179954511,30.895030875437612,117.45804258240517,72.79716807072512
COG,2021-04-21,52.76005950368277,30.136748476919166,131.76320670907583,62.962187340843826,25.71558430055081,50.8544574886081,85.9853688164824,79.28653738827424,8.623510488710092
COL,2021-02-24,95.81083135661915,27.944509080197417,118.41021126644391,205.3595674178235,293.38261253201034,352.7017782977508,458.51143021252045,580.2135057941963,11463.849501046425
COM,2021-04-28,139.96128781996418,23.140935559265525,303.91820649780504,919.2009105277372,439.53597507849213,314.83315337528364,204.45860261776104,203.18142121416605,3.2901182907105118
CPV,2021-03-25,-43.22505772631603,1.1390255145196553,-18.75737363741293,-4.873087906646056,-46.84856435227255,-83.38552404140586,-120.48047431079192,-95.98193995193525,32.258943682800805
CRI,2020-12-31,-19.731298371145172,-5.5868382793518565,-14.15817926471866,-9.70940311093853,-23.85090899896017,-29.262855727720815,-39.27646744280507,-47.76949684121362,420.83109256105365
CUB,2021-06-07,-38.31934646171396,-37.50073018530153,-46.65285752594028,-44.826496071641245,-38.21836021883037,-35.556175415189045,-33.19304472542957,-18.743544521896712,3126.052638895301
CYM,2021-01-02,-6.95840481074081,4.447573681732113,-17.885712943061208,79.01916271314393,69.49948375555508,1.9423911678214099,-43.15242214496611,-55.949066137377514,0.6345911986489865
CYP,2021-01-13,-18.239899148305636,-2.700914614362692,-3.055100039997195,-17.198493896838656,-45.1591928821858,-67.54773531021765,-89.83120224678585,-91.81247829572389,162.53106392631884
CZE,2021-01-03,79.5766519444597,-58.750038807252345,46.44367120786816,163.2118114988523,172.88400603682175,217.67508920454034,250.95406658484634,280.465899829298,313.3210131238431
DEU,2021-01-03,-84.84401119603402,-52.53124459135814,-76.2850403021617,-82.26845552582719,-86.42612483154988,-91.07830514915707,-94.37618413735429,-95.7228037666442,3714.3169852325614
DJI,2021-04-24,-21.801360205259982,8.961982070629643,-25.4062409383477,48.30672539380058,-24.9710527035258,-37.301850699678624,-42.78618761070605,-72.88622507442595,1.2925813758145328
DMA,2021-02-18,-74.92736002231716,281.4250936213038,542.5247498915082,-40.338847747038194,-80.71888139465511,-90.47258134329388,-76.63665954835443,-74.79694078858162,34.74006429159234
DNK,2020-12-18,14.798608718128358,-1.3180250359313608,26.97712665218639,31.658048828541386,19.399005158486183,18.068197121299804,19.41075752131231,19.147046845109315,190.80715577923095
DOM,2021-02-22,23.94749658049872,24.094157247199313,54.81945714487222,36.66656394202294,39.24358757795206,24.656956528119107,-18.964949704110797,-48.05553540774045,135.71651021634264
DZA,2021-02-05,-29.878872896031705,-42.32689969513166,-56.979411484640075,-46.615847815646646,-27.403780434947194,1.1536286524496624,65.70737192822187,109.44903403920947,503.7270780102058
ECU,2021-01-27,-24.06701679250157,-50.433464158472006,-34.01974137482192,-8.034727639825059,40.14432250409992,22.751438540860214,21.3751759252507,96.25543649371113,394.1856904037211
EGY,2021-01-31,-43.61950997720122,7.032655648941172,-160.7901788657077,-207.45181662264378,-179.39154165248684,-60.92033402385615,-17.11129893076264,-12.228023823876487,72.51642193869188
ESP,2021-01-11,-50.29228505573029,-51.478778405568114,-63.61280865569763,-58.13336140374968,-50.20024857243729,-36.99257508363664,-20.03481688761383,-3.5235880312795356,10713.83155185832
EST,2021-01-03,5.838682709885169,62.875066114302626,13.869049255680782,0.3018742126320903,-5.343753563050294,-13.3334869257349,2.4058638136462274,-9.674200276168428,33.96158989610795
ETH,2021-04-15,-44.641378841854376,63.75801238228848,-2.396309040866572,-35.94254527718306,-51.42931845673475,-55.601814707191885,-66.31169031653936,-69.78564711846131,397.60016641021775
FIN,2021-01-10,-38.399315239619966,-18.78697435878163,-48.480126022118334,-51.214810168518774,-51.282428411631244,-44.10509141510702,-30.68937003994986,-25.39957836018758,242.939171006445
FJI,2021-03-24,106.01014167554943,34.42065017555059,62.72792648890337,100.68930810866767,246.52814901923927,256.84509895745833,316.493766364121,413.93939534214405,885.6334090171549
FRA,2021-01-03,-73.2048764744592,-66.1062705319569,-86.4407673695903,-79.74190085860847,-74.78064275972619,-71.43008655742635,-65.1113664571747,-57.62456891862831,12554.626533147613
FRO,2021-02-05,-31.68008492346388,-67.90616604378933,9.513797200677104,285.4255047012433,530.6218508869347,412.5783193749844,259.3647693639829,493.6922004834855,4.38500150621084
GAB,2021-03-29,-37.05752545650833,20.687708881701482,45.82763789144119,-79.18718312880586,-213.98334071110975,-134.2747503297793,-1.2679090588780344,-51.78016294305073,12.76633286188004
GBR,2021-01-17,-16.537555313036147,-18.16320812934395,8.904231661050101,-0.009812463400540268,-10.093050189034614,-22.276547319615712,-35.584689700225844,-39.584386927507545,8189.430790150147
GEO,2021-03-21,-86.1439450430794,-48.4448764481564,-75.86586593093408,-92.76272902247507,-98.91904860296384,-100.50613182052967,-99.62080365511515,-104.57056768945617,3166.8050766893753
GGY,2021-01-31,0.2552139862746226,2.9866469335870947,49.96042751420885,17.794729952566446,-0.489209210230741,-16.73874255711246,-7.120365107788985,-16.191554739899836,1.6077058421082195
GHA,2021-03-08,-36.039525522802926,-27.305392746833352,-3.1843780894771063,-56.012892492524735,-40.53958895226397,-42.616669605363384,-34.69889563480443,-26.980035265196562,197.45809195542142
GIB,2021-01-17,-51.55087318278927,-69.58610033415515,-69.67850590636971,-59.098254037732325,-41.45202829265385,-5.25538581795889,39.48410968050034,58.016852805079466,12.967390167929207
GIN,2021-04-07,-60.018716365767055,-38.463119055544695,-66.53823149801214,-73.15816281947824,-73.62557399023292,-66.01619151680651,-51.98542542396519,-43.19132841079589,71.33635176977302
GMB,2021-03-16,-68.40103856265728,-73.42801427228761,-81.58125490304504,-76.64976432780162,-69.13376109464552,-51.901110032803075,-9.370051134668648,-6.779344097471982,53.575955926225866
GNB,2021-05-19,-28.49764718188107,-23.980794225004455,-51.76781550640401,-36.66388253973154,-35.89343057417923,-31.93300067648348,-7.098381429619134,24.251269277568728,13.022928838217128
GNQ,2021-03-23,59.833345016436446,176.5823933575724,190.99439374445575,171.23451471795386,219.2339287051882,39.89061526550534,-26.45083286189039,-47.07933363801273,10.739497290996528
GRC,2021-01-04,-70.68296601792078,-63.20397350875595,-70.14658584220899,-71.9512968067264,-74.02306422349918,-76.72195293617843,-75.90382403556559,-74.6503561716952,1948.6890168515035
GRD,2021-03-04,-97.14552707406429,-88.03607665360724,-88.54174753092343,-90.99049044049127,-95.19783752511127,-92.031867990305,-96.97854820887761,,4.540109490359778
GRL,2021-03-04,-92.45087924012584,-82.06148413048126,-89.77993807600487,-94.16942075488839,-96.24177285012094,-95.85046054771786,-93.68976354242032,-91.4554192669537,5.575672702430795
GTM,2021-03-04,-33.210360883258105,-18.45350643460857,-26.97620755980551,-37.24947553551721,-38.244170385965674,-42.414362288299586,-47.57809378748657,-43.767900776934034,1096.354799293273
GUY,2021-02-18,-8.316075091308669,-17.007714015031976,-3.504545699376016,38.0266607039053,37.05084969475138,2.7379246797447347,-28.418082341229812,-36.46361969775291,22.031343864644217
HND,2021-03-07,-14.959588010911046,18.485700838265362,-20.710619309565008,-24.48192386211483,-31.447716721862633,-39.869929370989816,-32.5823910118675,-24.327457554692714,374.82711913556045
HRV,2021-01-06,-21.24034119136683,11.222054079827522,-0.6601199077879452,-1.8869559743284217,-19.115419425339212,-33.386950360863715,-44.4278016914911,-47.07996909378391,93.60614649703246
HUN,2021-01-04,-57.692395053924585,-38.50819242188671,-50.9075185800706,-48.71998037971836,-57.452048358098295,-61.78970564847332,-75.5666833195343,-82.98082373119357,47.61183478056123
IDN,2021-01-19,43.78875060509734,-4.354802912442433,22.41222795946089,52.89710067640061,81.05354773990892,134.55833891122936,233.85737355084905,326.99848992088545,20871.544555026867
IMN,2021-01-30,-71.21704697852641,-86.55481343406476,-82.39444112733094,-71.64793118240479,-57.044979833601715,-36.7936519469627,-14.70815701031123,3.9259577188302743,91.6684170909132
IND,2021-01-22,15.329636997694953,7.247624770435521,8.149105199978752,12.205152923822286,20.769428253400704,31.229818919838014,36.08102790804481,14.15445769677009,7055.348404298257
IRL,2021-01-04,-34.754418283307814,-24.010541429049024,-37.333539017937085,-35.76742229706732,-43.411469753830865,-40.49386030311189,-36.7885176233807,-34.167113459122646,516.1499049430126
IRN,2021-02-15,-54.52950216263381,-31.1903363141847,-55.13846409833828,-67.04825863820399,-74.91564672068506,-68.6629681235252,-53.81561294139555,-56.239585100669466,18316.158948726803
IRQ,2021-03-08,0.06551721031197703,-0.7675723474095819,-25.27431351073046,-21.415336335069124,0.3361741760822223,18.397966632781426,46.34845119160662,40.77606255409799,1962.4088751693237
ISL,2021-01-06,-87.22615929002215,-69.74882370111847,-90.61140179858225,-91.31887723507204,-90.8084441306448,-89.10564895829195,-86.59248063236313,-83.72806021127951,72.11137292812957
ISR,2020-12-26,-58.73591017146945,13.43992071426808,-21.340602629582108,-50.99592622109114,-65.70053362467185,-71.1215236126232,-75.78797767070122,-77.68375313143318,3265.1963821093836
ITA,2021-01-03,-87.40464098149717,-36.833916855988406,-66.68639404882671,-82.50920184537259,-95.71243836436761,-117.89528065034101,-122.56063580887707,-112.65263380316746,4959.49248825391
JAM,2021-03-16,-83.73630908323204,-31.852756989755292,-71.9246015858665,-80.9574713497734,-87.98554407928806,-92.06509786426554,-94.44273477226676,-95.63935479890498,317.59467054954933
JEY,2021-03-21,95.42839700817868,-19.836180971337004,147.53553656863926,474.22219507203954,664.1935071097053,564.1013241891999,591.4453057422317,787.652240114038,144.09639081680965
JOR,2021-01-19,-33.67808278945578,-10.079267685323908,-47.42798406450802,-38.838677868932535,-37.234972112541755,-47.54669435020183,-41.38697346231474,-40.344591724878086,301.9709705026947
JPN,2021-02-24,-70.58761129864757,-27.444739164288624,-72.36864817304225,-66.23865113201934,-70.35875854853319,-80.34201685979177,-80.21795608694745,-77.0207053772946,10441.09008987396
KEN,2021-03-11,-39.66009325747187,-23.415084529308785,-43.48398955258735,-50.067395129242044,-52.855905947440895,-47.884134846421865,-36.32024424855722,-17.898598073061937,408.48214136256564
KHM,2021-02-16,44.623781036396224,10.714391662945049,32.5664248585332,71.16895935400042,111.162419570719,91.02435939017788,107.97881693829008,122.93776524169428,361.4694979771497
KNA,2021-03-12,53.3266126610072,234.17818746473188,267.1618028978305,409.68574565617735,254.83759422108548,11.670140000932497,-50.718868204471846,-56.48783920082997,11.227580746428616
KOR,2021-03-05,-26.93505842941683,-20.066243129199528,-24.162138136403293,-26.891314151579955,-33.5483511354606,-33.66946300054229,-33.730206051524675,-31.01633299024355,457.14228714901145
KWT,2021-01-04,124.58195025594286,39.04061828298161,127.98682027805752,179.14738471135973,275.77042502491236,430.5816767778655,751.6859211378733,828.5554561823495,1166.733363173503
LAO,2021-04-11,-38.44847151232859,-32.4911039574306,-46.37668681287521,-41.64420748568279,-33.67995644036516,-34.59715917956545,-44.25846659774408,-28.20165054328073,98.6105029899882
LBN,2021-02-20,-58.44878444748893,-33.08967213925457,-60.4244032851316,-64.72168485842118,-71.26734488636689,-67.4331353864881,-58.239969075570116,-54.02761185853965,667.5880198044496
LBR,2021-05-19,260.0754214139224,-28.63790545572223,3092.983278303243,2119.5343627694156,687.4323279272005,786.2771232142666,876.748093907946,1030.0781486653034,72.2502461564192
LBY,2021-04-24,25.957250119179548,-29.097882262151252,-16.13920376771751,22.763005185904312,59.67285685564849,73.498843524464,150.08202561256434,193.9406346805258,1325.8647841560119
LCA,2021-02-23,-52.00362504658087,59.460000666561776,113.27390945520617,4.841591011897106,-53.70642432387724,-72.44122746956576,-79.53503243595048,-81.37178578120671,47.84491318460863
LIE,2021-01-06,3.0059234631020186,58.426035576638114,151.3284574905842,30.64269131968187,-22.659549103553235,-37.05650957644973,1.29074210440218,,2.331820484530678
LKA,2021-02-04,-49.041552773990766,-13.689553193571818,-19.739424337532586,-38.617689357953836,-56.09816343242977,-62.85317197221673,-73.95814164794739,-75.90844527881704,2037.4370679294786
LSO,2021-03-16,-0.7119640034124517,-18.519835726745857,-21.88328108735948,-5.206879984589663,-9.946778537919576,39.28896647267747,250.4542840254596,-44.726347470537846,33.203957623583854
LTU,2021-01-03,63.20943023727612,80.8924196382809,50.92437089442935,44.96475426325796,46.048402934114584,58.433720071918295,80.69768451661258,88.36934387738339,260.11375376069003
LUX,2021-01-04,21.336418246332737,-1.6994147763431893,34.06636717220024,50.330616020161436,58.19092393585126,79.64248914987341,30.83685866283626,7.2701819546116235,27.633384392526786
LVA,2020-12-18,-60.98773354274816,-14.12901513563744,-51.4058776560996,-64.37520007359413,-70.33576475036843,-76.5555596866602,-81.79334961837846,-86.07219697489816,63.753918358256854
MAR,2021-02-04,-62.74272276440165,-35.54104862709027,-70.37620061001057,-74.59571125448079,-73.07495082675788,-67.6100015576108,-53.66791457642874,-44.953176264594404,4316.877241791898
MCO,2021-01-06,-78.7706900735245,-73.55591240051926,-87.7751694866195,-85.66254680076403,-79.048479259385,-76.65990564117241,-73.96417720469877,-65.04571300044206,10.0343649251043
MDA,2021-03-12,-50.445870443547136,-7.9927972006010455,-34.42958042832052,-42.02156025023501,-51.131401375398745,-62.129818479199784,-72.18188387848454,-69.91670474251761,129.03500712627306
MDG,2021-05-19,-340.8812517646687,-39.33058241528375,-272.2605191549186,-700.3159457038624,-736.2828596470459,-1116.9403612803023,-2289.056912659109,-2932.8607435501153,41.656967630340844
MDV,2021-02-09,-20.33911976784739,-12.798088930772314,-12.761439665559521,-25.450953441040774,-25.80646504031928,-31.25631926190127,-27.36791702919794,-31.338003026531226,26.985842872774185
MEX,2020-12-31,-28.21405888896445,-29.04582333180007,-42.5179110580444,-37.73661880913844,-34.53435706138098,-26.9500163137824,-6.6713665799972635,8.328884635293123,5008.911757731687
MKD,2021-02-23,-75.82396918084085,150.2222927117357,49.1627383672605,-42.067042722206615,-71.1539173063488,-86.06841583681107,-88.85571333169543,-85.93491705987925,409.2806333027161
MLI,2021-04-06,103.42175002924674,-74.13198932707023,-154.97336375034854,296.560315775413,746.5190983112487,244.49735707558102,13.42287464041376,1.1439925009288505,21.332996720313073
MLT,2021-01-24,-25.07657051790228,-66.93757589179938,-45.39965020883386,2.222515455042702,31.163301728799688,50.11728165025646,82.89953613113519,184.1943418616872,72.0351422129385
MMR,2021-02-02,93.2925931785843,7.226841807503044,62.8220800956257,123.73518982536152,162.22618176064194,228.35182444466588,317.13227596582885,283.5067652942712,4901.047928403596
MNE,2021-02-27,-79.24863637970772,-8.651158808433948,-63.008435329914036,-77.24058562449372,-81.67320018606145,-86.19977247203343,-90.44623621704214,,251.88246170498599
MNG,2021-03-01,-13.57106823236245,-7.0514793145378745,-13.68926276874682,3.961417778719757,10.359292221536155,-10.817534943075902,-35.40092832313202,-48.30743894234744,381.4939650751935
MOZ,2021-03-14,140.41511471570482,40.559710528058986,72.95558611690387,137.70689367800088,218.6330337746774,391.79365896869325,616.7506355755703,758.7651295899068,1988.6885694856123
MRT,2021-04-02,-53.08559720313071,-32.68993849977534,-65.97069324502047,-67.38544816589943,-62.07889978477888,-56.06631169846664,-44.46078195771897,-36.365997978480685,135.1497876541203
MUS,2021-02-01,-73.89258093765476,-63.93022290190201,-59.68159526362567,-60.53019457808597,-69.29323058738358,-78.53107727811107,-84.83261499591622,-84.87425850932698,134.08861076202595
MWI,2021-03-24,-21.099609478769466,-43.53487275273297,-44.14782770356971,-26.0390063207794,3.546516578589032,37.83708439304321,120.47834845099159,216.5151660886297,222.5153638087917
MYS,2021-03-03,-30.749170327395763,-13.591492213376869,-24.87146877201533,-31.69021302562681,-39.24268930952539,-40.806974911936756,-41.68758848034327,-48.37756700901539,6037.660906407167
NCL,2021-02-09,-37.47024737792669,-56.60382333654938,-39.19902073897537,,,,,,0.15835090114979247
NER,2021-04-04,-13.378155209388561,10.168295080617911,15.187312252673951,-29.329895884785522,-19.876572370692987,-15.112384563323813,-36.30029942631496,-47.58057763583964,2.296815528249276
NGA,2021-03-11,-61.64852176199297,-30.65434787752595,-65.17347396023062,-68.51377147090322,-68.28498316974934,-68.29019083096715,-64.92503001428668,-60.49001768856853,304.06055779413816
NIC,2021-03-08,1.022135854699947,1.6476397444453241,-0.8595965157744877,-0.453186536715131,2.8240062441367444,7.4528016991531,-2.3527251328660017,-4.188792684933632,2.279546365618538
NLD,2021-01-16,-27.723666138233277,-69.98055781058372,-25.149261251504722,17.58001425171907,41.39279036341985,70.15390503272573,101.11063101384279,100.93997499796765,3657.0226222312617
NOR,2020-12-09,-26.03120215430115,25.880896314651476,1.8277398279025963,-14.985930673012149,-25.437138911237213,-28.60614829089726,-53.98380055101191,-65.99145318566704,262.0969354480313
NPL,2021-02-02,4.925138990573335,8.006038327587742,-6.6419702679908585,-1.8608796153880791,-3.694532615324481,5.698875909053212,20.29385849590997,27.823766927313876,212.57225514480137
NZL,2021-02-21,-140.5590115134028,-82.78810410432527,-341.7728326782173,-373.3783529077971,-259.8612606576131,-193.46175333353105,-125.5408797512207,-129.87962011285288,29.184294067948795
OMN,2021-01-04,23.85398143087419,31.45134939156793,75.08354429446084,93.7024686269794,34.40183813972054,-65.49000159356915,-209.3661924497058,-389.82197200214694,287.713948851889
PAK,2021-02-09,-59.606462603779484,-35.131935562113995,-64.77787865004598,-69.84001761394035,-69.16817545681944,-66.68611185297871,-64.422212460888,-66.02435943420143,2267.672903932204
PAN,2021-01-27,41.12749543690853,9.70737350164754,30.286310022478713,51.50152794754281,56.27892054853564,78.76707935459547,113.80562607394234,138.095461861214,444.49148141759946
PER,2021-02-15,-8.491432038697964,0.6862660945895733,6.33473238889122,-29.67240837212895,-40.30824418337029,-8.842291858831683,-13.148880904436608,-33.06044399355292,286.3827157161943
PHL,2021-03-07,-56.46728902047189,-5.115866454844755,-50.41766373960556,-77.89438160532578,-76.38368482395187,-72.95563636433594,-72.95260098582007,-75.28470643746799,6846.668066495006
PNG,2021-04-06,-74.41778123958129,-75.09957632112612,-113.45330012328027,-137.3432434399998,76.78559824126897,-27.14531205106489,-54.61056243719534,-75.68516073951501,14.076485559731577
POL,2021-01-04,137.75863195401888,106.30853380704485,49.557708535840675,80.91877448987671,114.69604375082048,157.87368921822826,231.1113407907691,247.03249166674067,253.0149677657661
PRT,2021-01-03,-6.057327272390213,-20.40611544702619,-23.356335397618736,-1.0568885306489644,14.331657803613743,19.865762481106792,22.66488971222133,19.072936943073028,658.9408414810011
PRY,2021-03-01,42.37097131150506,2.161020043026193,57.33158259133456,126.20638618636899,108.88462174371274,152.2243913712471,358.8474422706305,582.4998355462039,319.3861195853798
PSE,2021-04-06,-1.403855506698635,169.5937692764649,207.01064807227118,179.0191834910025,64.75314353331332,-13.786548260583153,-53.567958935902915,-65.14940205102332,361.154181097768
PYF,2021-02-09,-99.0777298373057,-83.09699376290777,-97.4514592685851,-99.09773808235997,-99.49898460768209,-99.6265053870419,-99.42815233864984,-97.03692582145352,574.7227788581953
QAT,2020-12-29,-70.66287420865963,-57.45851238616937,-75.64853660861898,-71.68944788000456,-76.23915147810584,-77.7198599280169,-77.20298718827337,-73.71214132959531,131.36461618252383
ROU,2021-01-03,-92.04566809610148,-56.79768197062217,-85.0804755402562,-91.12927674302233,-94.90264465639495,-96.77939932851768,-97.80535176459803,-98.40700535293364,330.6962944813792
RWA,2021-02-22,-3.8219422747911356,-21.77381661836629,-17.46054623385683,8.328190346178612,35.211323342907384,47.28030115909417,37.55983216105243,17.375396544400765,257.32993908313045
SAU,2021-01-13,18.550172483302052,0.05222818585263704,-8.533168147391153,9.48035026200804,34.10048700090477,68.36237212604279,151.4702395843566,256.94990165182105,312.6283266611533
SDN,2021-03-17,-3.8114028031919767,-23.544851825309983,27.114459989743246,142.13810110529565,244.89982893337628,-65.06211702887248,-105.6350282879875,44.544613160828014,10.575994485588605
SEN,2021-03-01,-26.44376897008216,-53.711962164443726,-49.00283046262926,-35.218145332950314,-21.094502887259203,45.7685354293215,234.8452713167496,333.41192757164373,332.8226128820812
SGP,2021-01-06,-84.64324333131039,-85.06920518058148,-90.40479111201486,-86.59438101722013,-79.3757335227265,-72.02300466704142,-81.01165209887039,-87.63451296963659,82.75051184829779
SLE,2021-03-21,30.838029378347077,11.863350280817958,50.010179797420854,111.96237669802353,100.72352134890711,117.56471949031535,212.1795790441728,165.19159901750123,5.106875250998955
SLV,2021-02-24,22.471013380475892,6.288964301681382,1.8796490075905656,53.756173898935,18.58641684773573,26.71121448725078,40.31388524108744,116.53213265963957,104.355959734768
SMR,2021-03-06,-95.9808409498263,-94.26206963851821,-95.87620954816988,-96.16547092259685,-96.84360285010278,-95.66065410592182,-96.21145183380058,-96.42766563211894,4.582695978225356
SOM,2021-04-24,-81.30070512618329,-33.9105718566495,-75.99149027989094,-87.25720809476297,-89.09493969143033,-87.12750226503867,-90.7860478961139,-91.02001997841674,40.91701705994952
SRB,2021-01-15,-71.56657307910751,-8.54803350485282,-34.55107813472304,-55.15932981757382,-69.94856559229589,-78.96482916630686,-86.63231497215645,-90.21259965498413,772.5289602759167
STP,2021-03-22,-74.31315562243131,-21.192123387436947,-81.1298513757011,-93.00740569588991,-90.40193583513073,-91.66658145729821,-93.17619840147206,-93.89752138598445,3.7902126423066704
SUR,2021-03-01,6.0035980334701655,15.11983476648751,43.896840750162305,39.3485242073886,22.122579532537937,-0.2732702247112002,-36.487467955364075,-52.91733313101508,36.65139566015485
SVK,2021-01-10,-190.5185072889436,-210.01106419533255,-199.92361255275557,-193.17514954373908,-190.0574102665144,-186.60681767190505,-174.88997862903506,-167.60005104039791,108.73357232716337
SVN,2021-01-03,-145.8451780820179,-131.5988112464842,-173.88682649898578,-171.55859063923012,-166.62507134512737,-150.014885922539,-135.74919065523858,-129.68981586726315,249.67392748410634
SWE,2021-01-10,-116.82968410400973,-69.6278847785526,-125.72614220219349,-129.62650605440498,-127.69083554734348,-125.88725205633034,-128.54935343415016,-132.06969692395523,814.8017649075025
SWZ,2021-04-06,-98.47512975623012,-85.09553780757929,-94.81184135632648,-102.02055045415703,-107.0653095233729,-103.73300885135706,-97.07526534727157,-95.13306608253687,483.4862595944901
SYC,2021-01-16,27.293344562767597,9.91863409439821,69.75041615830212,64.4165968798901,56.960579872232756,29.770456756112917,19.90476776248478,22.675354953842806,23.632994015472395
SYR,2021-03-08,-0.1702021263394754,61.484908380094694,67.12293536288007,73.70006350411029,57.547888248230464,-4.932519794660204,-37.8352475250478,-44.4187502911466,18.25639495911717
TCA,2021-01-17,-95.31887127877141,-90.7691287179664,-93.58243711214782,-95.57045425624302,-97.2938362354894,-97.03168738095104,-96.73708926023333,,4.1863710091251995
TCD,2021-06-17,-343.0545533797733,-338.41487831839845,-345.0530658832472,-323.35435680846194,-286.4585683404225,-380.5120026289483,-393.0496284726659,-356.0270050654662,2.455503266196378
TGO,2021-03-16,-62.59860769835791,-21.747793171878502,-54.21381212915042,-64.33436230478868,-66.05574389410575,-73.50316297368995,-76.9969672459663,-75.95946570035446,99.39265524044517
THA,2021-03-06,-28.051062599195177,-20.204604041662755,-35.45606565064895,-39.087316188175095,-37.74419945491003,-32.70266979230011,-16.885017060333453,-5.595353497269604,5205.184750057467
TJK,2021-06-21,25.230292517300327,-23.56017112364745,-23.874028022873297,35.58360374995748,53.73278596911051,75.90953324994982,118.44213617119237,164.82998341479376,33.97400164611199
TLS,2021-04-21,-49.529955183526496,17.54097049651114,-23.437197744532767,-19.145973815099996,-45.91420406655673,-64.63517677508882,-78.47129137262165,-74.65937873160836,106.42186506573292
TTO,2021-02-22,-49.989494317206706,-35.672236870223145,-61.714654674403924,-43.455088822306784,-62.55923377206229,-74.2937272631122,-51.51601134088439,-46.59388872633654,107.0051355420832
TUN,2021-03-19,83.51941924039296,20.578216007709344,129.2756999477139,198.8476451625475,294.36557940378856,318.96111643424945,92.28316612996093,29.322081878632293,4164.04774859548
TUR,2021-01-20,-12.680868832139709,1.2837258837041061,-31.73481707840092,-31.42681755194394,-23.872080962238368,-5.079390556719169,7.2925696491376435,11.321119449513539,3984.305799509706
UGA,2021-03-16,22.979955336488175,94.48256908410734,230.5322707597922,304.8940000221278,376.8046462791347,-54.54806439636493,-51.85739908632352,415.6979969610564,961.9765525230198
UKR,2021-03-03,-44.95590364917213,-13.968625880414558,-81.03333845424137,-86.59573705392548,-95.10548727678609,-63.99118049800874,-14.168082602968473,-13.15097243176488,465.03068948529756
URY,2021-03-06,291.0245792887057,113.5495610239473,511.8825951549927,791.720589305713,873.196910806814,728.3235015514924,457.5280071321962,781.245815125315,760.0653456968786
USA,2020-12-20,-82.49677490636994,-66.5008913258862,-80.14609076088288,-84.6257460852849,-86.31752756141469,-87.16807721234989,-87.60391624371388,-87.81044214486946,86155.29796870098
UZB,2021-04-07,-6.411509652541178,2.1200165092661756,-15.785494176419235,-13.916311852726485,0.9467659821205966,-4.467011896144593,-13.468405026722888,-2.357631955453263,91.18357145584358
VCT,2021-03-24,37.203538186373294,95.23655036886844,42.99409116135884,386.22432747351587,204.7885197471029,1.8599855557541856,-366.84932526665875,-77.79189034341543,2.869343163085434
VEN,2021-02-24,3.9008114210957623,2.093456117945083,6.260285749925693,15.604898741009118,12.52831834221356,9.404000144224359,-6.213208852924996,-17.58393811197925,91.00206916425319
VGB,2021-05-28,274.224937644488,39.94282322630335,582.6516940931398,2717.641417501829,4175.829060078577,6302.875544606848,12947.77232703939,,147.78438197325798
VNM,2021-03-14,-76.6397433012923,-62.51723566188705,-78.13768757128521,-80.19744620802354,-83.88511517986608,-83.4829827499261,-78.21318900690952,-78.12496336361356,6320.997113913968
YEM,2021-05-16,-72.97573900121925,-20.87119616215276,-46.69782491928747,-67.07661805558776,-75.30689551959789,-80.96563380754596,-86.99265187284473,-88.5085328611829,15.460971742975588
ZAF,2021-02-23,132.7537718271815,51.040258624616655,147.9685766638918,199.43121385661732,244.92737798094487,222.37672390597095,209.25632541675543,242.01581460813352,18984.80204473378
ZMB,2021-04-21,-42.816048539225946,-13.364492726520888,-89.9568679829198,-149.84046113243005,-167.19130384175696,-154.57670377542624,9.596668826565569,210.03505132078723,487.4738534963757
ZWE,2021-02-25,-8.968097297040938,-39.64898813036584,-30.21303471049815,7.642615936524538,89.09496256244137,135.01161022891245,251.3183983082305,335.4563722604708,696.8371002260211
